Title,Year
1. En verden udenfor,1994
2. Godfather,1972
3. The Dark Knight,2008
4. Godfather del 2,1974
5. Tolv vrede mænd,1957
6. Schindlers liste,1993
7. Ringenes herre: Kongen vender tilbage,2003
8. Pulp Fiction,1994
9. Ringenes herre: Eventyret om ringen,2001
"10. Den gode, den onde og den grusomme",1966
11. Forrest Gump,1994
12. Ringenes herre: De to tårne,2002
13. Fight Club,1999
14. Inception,2010
15. Dune: Del 2,2024
16. Imperiet slår igen,1980
17. The Matrix,1999
18. Goodfellas,1990
19. Gøgereden,1975
20. Seven,1995
21. Interstellar,2014
22. Det er herligt at leve,1946
23. De syv samuraier,1954
24. Ondskabens øjne,1991
25. Saving Private Ryan,1998
26. City of God,2002
27. Livet er smukt,1997
28. Den grønne mil,1999
29. Terminator 2: Dommedag,1991
30. Stjernekrigen,1977
31. Tilbage til fremtiden,1985
32. Chihiro og heksene,2001
33. Pianisten,2002
34. Parasite,2019
35. Psycho,1960
36. Spider-Man: Across the Spider-Verse,2023
37. Gladiator,2000
38. Løvernes konge,1994
39. Leon,1994
40. The Departed,2006
41. American History X,1998
42. Whiplash,2014
43. The Prestige,2006
44. Ildfluernes grav,1988
45. Harakiri,1962
46. The Usual Suspects,1995
47. Casablanca,1942
48. De urørlige,2011
49. Mine aftener i Paradis,1988
50. Moderne tider,1936
51. Skjulte øjne,1954
52. Vestens hårde halse,1968
53. Alien - Den 8. passager,1979
54. Byens lys,1931
55. Dommedag nu,1979
56. Django Unchained,2012
57. 12th Fail,2023
58. Memento,2000
59. WALL·E,2008
60. Jagten på den forsvundne skat,1981
61. De andres liv,2006
62. Sunset Boulevard,1950
63. Ærens vej,1957
64. Avengers: Infinity War,2018
65. Spider-Man: Into the Spider-Verse,2018
66. Ondskabens hotel,1980
67. Anklagerens vidne,1957
68. Diktatoren,1940
69. Alien 2 - det endelige opgør,1986
70. Inglourious Basterds,2009
71. The Dark Knight Rises,2012
72. Dr. Strangelove - eller Hvordan jeg lærte at glemme mine bekymringer og elske bomben,1964
73. American Beauty,1999
74. Oldboy,2003
75. Coco,2017
76. Amadeus,1984
77. Toy Story,1995
78. U-båden,1981
79. Braveheart,1995
80. Avengers: Endgame,2019
81. Joker,2019
82. Prinsesse Mononoke,1997
83. Good Will Hunting,1997
84. Your Name.,2016
85. Der var engang i Amerika,1984
86. Himmel og helvede,1963
87. 3 Idiots,2009
88. Syng i sol og regn,1952
89. Kapernaum,2018
90. Oppenheimer,2023
91. Requiem for a Dream,2000
92. Kom og se,1985
93. Toy Story 3,2010
94. Jedi-ridderen vender tilbage,1983
95. Evigt solskin i et pletfrit sind,2004
96. Jagten,2012
97. Rumrejsen år 2001,1968
98. Håndlangerne,1992
99. At leve,1952
100. Lawrence af Arabien,1962
101. Nøglen under måtten,1960
102. Menneskejagt,1959
103. Citizen Kane,1941
104. Nawals hemmelighed,2010
105. En kvinde skygges,1958
106. M,1931
107. Kvinden uden samvittighed,1944
108. Scarface,1983
109. Den fabelagtige Amélie fra Montmartre,2001
110. Full Metal Jacket,1987
111. Clockwork Orange,1971
112. Heat,1995
113. Op,2009
114. Dræb ikke en sangfugl,1962
115. Sidste stik,1973
116. Nader og Simin - en separation,2011
117. Indiana Jones og det sidste korstog,1989
118. Die Hard,1988
119. Metropolis,1927
120. Ligesom stjerner på jorden,2007
121. Hamilton,2020
122. Snatch,2000
123. L. A. Confidential,1997
124. Cykeltyven,1948
125. 1917,2019
126. Taxi Driver,1976
127. Der Untergang,2004
128. Dangal,2016
129. Hævn for dollars,1965
130. Batman Begins,2005
131. The Wolf of Wall Street,2013
132. Ingen er fuldkommen,1959
133. Chaplins plejebarn,1921
134. Green Book,2018
135. The Father,2020
136. Dommen i Nürnberg,1961
137. Alt om Eva,1950
138. The Truman Show,1998
139. Top Gun: Maverick,2022
140. Shutter Island,2010
141. There Will Be Blood,2007
142. Casino,1995
143. Ran,1985
144. Jurassic Park,1993
145. Den sjette sans,1999
146. Pans labyrint,2006
147. De nådesløse,1992
148. No Country for Old Men,2007
149. Et smukt sind,2001
150. Det grusomme udefra,1982
151. Tre mand søger guld,1948
152. Kill Bill - Volume 1,2003
153. Livvagten,1961
154. Monty Python og de skøre riddere,1975
155. Den store flugt,1963
156. Find Nemo,2003
157. Rashomon - Dæmonernes port,1950
158. Prisoners,2013
159. Det levende slot,2004
160. Elefantmanden,1980
161. Chinatown,1974
162. Telefonen ringer kl. 23,1954
163. Borte med blæsten,1939
164. V for Vendetta,2005
"165. Rub, stub & to rygende geværer",1998
166. Øjnenes hemmelighed,2009
167. Inderst inde,2015
168. Raging Bull - Tyren fra Bronx,1980
"169. Three Billboards Outside Ebbing, Missouri",2017
170. Trainspotting,1996
171. Broen over floden Kwai,1957
172. Spider-Man: No Way Home,2021
173. Fargo,1996
174. Klaus,2019
175. Warrior,2011
176. Catch Me If You Can,2002
177. Godzilla Minus One,2023
178. Gran Torino,2008
179. Min nabo Totoro,1988
180. Million Dollar Baby,2004
181. Harry Potter og dødsregalierne - del 2,2011
182. Children of Heaven,1997
183. 12 Years a Slave,2013
184. Blade Runner,1982
185. Before Sunrise,1995
186. Ben-Hur,1959
187. The Grand Budapest Hotel,2014
188. Barry Lyndon,1975
189. Kvinden der forsvandt,2014
190. Hacksaw Ridge,2016
191. Guldfeber,1925
192. Memories of Murder,2003
193. In the Name of the Father,1993
194. Døde poeters klub,1989
195. I storbyens havn,1954
196. The Deer Hunter,1978
197. Krig og Kærlighed,1926
198. Wild Tales,2014
199. Mad Max: Fury Road,2015
"200. Monsters, Inc.",2001
"201. Sherlock Holmes, junior",1924
202. Den tredje mand,1949
203. Ved vejs ende,1957
204. Frygtens pris,1953
205. Dødens gab,1975
206. Sådan træner du din drage,2010
207. Mary & Max,2009
208. Mr. Smith kommer til Washington,1939
209. Ratatouille,2007
210. Le Mans '66,2019
211. The Big Lebowski,1998
212. Det syvende segl,1957
213. Room,2015
214. Tokyo Story,1953
215. Rocky,1976
216. Logan,2017
217. Spotlight,2015
218. Hotel Rwanda,2004
219. Platoon - Kamp-patruljen,1986
220. Terminator,1984
221. Jeanne d'Arcs lidelse og død,1928
222. Before Sunset,2004
223. Hadet,1995
224. De bedste år,1946
225. Eksorcisten,1973
226. Pirates of the Caribbean: Den sorte forbandelse,2003
227. Rush,2013
228. Jai Bhim,2021
229. Nettet,1976
230. Sammenhold,1986
231. Troldmanden fra Oz,1939
232. De utrolige,2004
233. Hachiko - en ven for livet,2009
234. The Handmaiden,2016
235. Ind i vildmarken,2007
236. Min far og min søn,2005
237. The Sound of Music,1965
238. Vredens druer,1940
239. Slaget om Algier,1966
240. En ny dag truer,1993
241. At være eller ikke være,1942
242. Love Is a Bitch,2000
243. Rebecca,1940
244. Skrappe Luke,1967
245. Drengen og jern-kæmpen,1999
246. Niceville,2011
247. Det hændte en nat,1934
248. Aladdin,1992
249. Danser med ulve,1990
"250. Paris, Texas",1984
